{"cameraMode":{"drawMode":0,"name":"Shaded","section":"Shading Mode"},"sceneLighting":false,"audioPlay":false,"sceneViewState":{"m_AlwaysRefresh":false,"showFog":true,"showSkybox":false,"showFlares":true,"showImageEffects":true,"showParticleSystems":true,"showVisualEffectGraphs":true,"m_FxEnabled":true},"in2DMode":false,"pivot":{"x":445.79998779296877,"y":36.233333587646487,"z":166.00003051757813},"rotation":{"x":-0.38042187690734866,"y":0.01609456166625023,"z":-0.00664179865270853,"w":-0.9246637225151062},"size":30.027307510375978,"orthographic":false}