{"cameraMode":{"drawMode":0,"name":"Shaded","section":"Shading Mode"},"sceneLighting":false,"audioPlay":false,"sceneViewState":{"m_AlwaysRefresh":false,"showFog":true,"showSkybox":false,"showFlares":true,"showImageEffects":true,"showParticleSystems":true,"showVisualEffectGraphs":true,"m_FxEnabled":true},"in2DMode":false,"pivot":{"x":216.63710021972657,"y":36.94978332519531,"z":120.86451721191406},"rotation":{"x":-0.03418349102139473,"y":0.18718776106834413,"z":-0.006537585519254208,"w":-0.9817227721214294},"size":29.34403419494629,"orthographic":false}