{"cameraMode":{"drawMode":0,"name":"Shaded","section":"Shading Mode"},"sceneLighting":true,"audioPlay":false,"sceneViewState":{"m_AlwaysRefresh":false,"showFog":true,"showSkybox":true,"showFlares":true,"showImageEffects":true,"showParticleSystems":true,"showVisualEffectGraphs":true,"m_FxEnabled":true},"in2DMode":false,"pivot":{"x":450.62310791015627,"y":21.765094757080079,"z":155.0084686279297},"rotation":{"x":0.1150907501578331,"y":0.3188350200653076,"z":-0.038977548480033877,"w":0.9400218725204468},"size":1.0792253017425538,"orthographic":false}