{"cameraMode":{"drawMode":0,"name":"Shaded","section":"Shading Mode"},"sceneLighting":true,"audioPlay":false,"sceneViewState":{"m_AlwaysRefresh":false,"showFog":true,"showSkybox":true,"showFlares":true,"showImageEffects":true,"showParticleSystems":true,"showVisualEffectGraphs":true,"m_FxEnabled":true},"in2DMode":false,"pivot":{"x":452.71038818359377,"y":4.516376495361328,"z":356.43585205078127},"rotation":{"x":0.27562594413757326,"y":-0.02192356437444687,"z":0.006331360898911953,"w":0.9610171914100647},"size":101.28952026367188,"orthographic":false}