{"cameraMode":{"drawMode":0,"name":"Shaded","section":"Shading Mode"},"sceneLighting":true,"audioPlay":false,"sceneViewState":{"m_AlwaysRefresh":false,"showFog":true,"showSkybox":true,"showFlares":true,"showImageEffects":true,"showParticleSystems":true,"showVisualEffectGraphs":true,"m_FxEnabled":true},"in2DMode":false,"pivot":{"x":507.1629333496094,"y":-16.663793563842775,"z":259.8952331542969},"rotation":{"x":-0.22609999775886537,"y":-0.04439438879489899,"z":0.010297100991010666,"w":-0.9730504155158997},"size":101.28952026367188,"orthographic":false}