{"cameraMode":{"drawMode":0,"name":"Shaded","section":"Shading Mode"},"sceneLighting":true,"audioPlay":false,"sceneViewState":{"m_AlwaysRefresh":false,"showFog":true,"showSkybox":true,"showFlares":true,"showImageEffects":true,"showParticleSystems":true,"showVisualEffectGraphs":true,"m_FxEnabled":true},"in2DMode":false,"pivot":{"x":428.8348388671875,"y":-158.30780029296876,"z":160.57643127441407},"rotation":{"x":0.44146376848220827,"y":-0.5567271113395691,"z":0.4668909013271332,"w":0.5265191197395325},"size":120.78963470458985,"orthographic":false}