{"cameraMode":{"drawMode":0,"name":"Shaded","section":"Shading Mode"},"sceneLighting":true,"audioPlay":false,"sceneViewState":{"m_AlwaysRefresh":false,"showFog":true,"showSkybox":true,"showFlares":true,"showImageEffects":true,"showParticleSystems":true,"showVisualEffectGraphs":true,"m_FxEnabled":true},"in2DMode":false,"pivot":{"x":660.2567749023438,"y":316.09112548828127,"z":228.41787719726563},"rotation":{"x":-0.24363280832767487,"y":0.4804830253124237,"z":-0.14094939827919007,"w":-0.8306583166122437},"size":16.229143142700197,"orthographic":false}