{"cameraMode":{"drawMode":0,"name":"Shaded","section":"Shading Mode"},"sceneLighting":true,"audioPlay":false,"sceneViewState":{"m_AlwaysRefresh":false,"showFog":true,"showSkybox":true,"showFlares":true,"showImageEffects":true,"showParticleSystems":true,"showVisualEffectGraphs":true,"m_FxEnabled":true},"in2DMode":false,"pivot":{"x":431.88287353515627,"y":-0.017813650891184808,"z":160.47564697265626},"rotation":{"x":-0.36688509583473208,"y":0.38848650455474856,"z":-0.17224636673927308,"w":-0.8275420069694519},"size":14.99996280670166,"orthographic":false}